thung,vat_dung,so_luong,ma_vai_chuan_bi
THI ĐẤU,Bộ lưới,2,C
THI ĐẤU,Gậy Putt,4,C
THI ĐẤU,Gậy Launcher,12,C
THI ĐẤU,Launch pad,6,C
THI ĐẤU,Vòng an toàn,8,B
THI ĐẤU,Rollerama,2,C
THI ĐẤU,Flagsticky,2,C
THI ĐẤU,Bull-eye,4,C
THI ĐẤU,Bóng,,C
AN TOÀN,Dây cảnh báo (mét),150,B
AN TOÀN,Bộ sơ cứu,,A
AN TOÀN,Nước uống cho đội,,A
CHECK-IN,Thẻ tích điểm đã dán QR,500,E
CHECK-IN,Bút,,E
CHECK-IN,Sạc dự phòng,,E
CHECK-IN,Standee mã QR,,E
CHẤM ĐIỂM,Dấu 10 điểm,,C
CHẤM ĐIỂM,Dấu 5 điểm,,C
CHẤM ĐIỂM,Mực dấu,,C
QUÀ,Form 3D,,F
QUÀ,Móc khóa,,F
QUÀ,Thẻ treo quà,,F
QUÀ,Dấu ĐÃ ĐỔI QUÀ,,F
NHÂN SỰ,Thẻ đeo nhân sự và khách mời,,A
TRUYỀN THÔNG,"Máy ảnh, pin, thẻ nhớ",,G
TRUYỀN THÔNG,"Điện thoại livestream, chân đế",,G
