ma_vai,ten_vai,ma_o,vi_tri_mac_dinh,mau_the_deo,nhan_the_deo,ghi_chu
A,Điều phối chung,A,,#1D3A8F,Ban tổ chức,"Cầm timeline, phát lệnh, xử lý phát sinh"
B,Phổ biến an toàn và văn hóa golf,B,,#2E5BD8,Huấn luyện viên,Phổ biến cho người chơi trước khi vào trạm
C,Huấn luyện viên tại các trạm,C1,Trạm Putting,#0F7F6E,Huấn luyện viên,Mỗi trạm tích riêng một cột
C,Huấn luyện viên tại các trạm,C2,Trạm Chipping,#0F7F6E,Huấn luyện viên,Mỗi trạm tích riêng một cột
C,Huấn luyện viên tại các trạm,C3,Trạm Pitching,#0F7F6E,Huấn luyện viên,Mỗi trạm tích riêng một cột
C,Huấn luyện viên tại các trạm,C4,Trạm Full swing,#0F7F6E,Huấn luyện viên,Mỗi trạm tích riêng một cột
D,Đại sứ truyền thông Golf,D1,,#F2B705,Đại sứ,Các con nghỉ uống nước khoảng 30 phút một lần
D,Đại sứ truyền thông Golf,D2,,#F2B705,Đại sứ,Các con nghỉ uống nước khoảng 30 phút một lần
D,Đại sứ truyền thông Golf,D3,,#F2B705,Đại sứ,Các con nghỉ uống nước khoảng 30 phút một lần
D,Đại sứ truyền thông Golf,D4,,#F2B705,Đại sứ,Các con nghỉ uống nước khoảng 30 phút một lần
D,Đại sứ truyền thông Golf,D5,,#F2B705,Đại sứ,Các con nghỉ uống nước khoảng 30 phút một lần
E,Check-in (thầy cô),E1,,#2E5BD8,Tình nguyện viên,Mỗi người tích riêng một cột
E,Check-in (thầy cô),E2,,#2E5BD8,Tình nguyện viên,Mỗi người tích riêng một cột
E,Check-in (thầy cô),E3,,#2E5BD8,Tình nguyện viên,Mỗi người tích riêng một cột
F,Quầy đổi quà,F1,,#5B3E96,Ban tổ chức,F1 là admin nhập liệu
F,Quầy đổi quà,F2,,#5B3E96,Ban tổ chức,F1 là admin nhập liệu
G,Truyền thông Hiệp hội,G1,,#D9641C,Truyền thông,Ảnh cận mặt các bạn nhỏ thì xin phép phụ huynh
G,Truyền thông Hiệp hội,G2,,#D9641C,Truyền thông,Ảnh cận mặt các bạn nhỏ thì xin phép phụ huynh
G,Truyền thông Hiệp hội,G3,,#D9641C,Truyền thông,Ảnh cận mặt các bạn nhỏ thì xin phép phụ huynh
K,Đón tiếp khách mời,K1,,#A61E2A,Ban tổ chức,
